{"labels_1": ["1", "2", "3","4","5","6","7","8","9","10","11","12","13","14","15","16","17","18","19","20","21","22"], 
"labels_2": ["1", "2", "3","4","5","6","7","8","9","10","11","12","13","14","15","16","17","18","19","20","21","22"], 
"graph_2": [[0, 1], [0, 5], [0, 6], [0, 7], [0, 9], [0, 10], [1, 3], [1, 4], [1, 7], [1, 8], [1, 9], [1, 11], [1, 12], [2, 10], [2, 11], [2, 7], [3, 8], [3, 4], [3, 9], [4, 6], [4, 8], [4, 10], [4, 12], [5, 8], [5, 10], [5, 7], [6, 8], [6, 11], [7, 11], [8, 9], [8, 10], [8, 11], [10, 12]], 
"ged": 65, 
"graph_1": [[0, 1], [0, 4], [0, 8], [0, 9], [0, 10], [0, 12], [1, 9], [1, 10], [1, 7], [2, 8], [2, 3], [2, 11], [2, 4], [2, 5], [3, 5], [3, 6], [3, 8], [3, 9], [3, 10], [3, 11], [3, 12], [4, 12], [4, 6], [4, 7], [5, 7], [5, 8], [5, 9], [5, 10], [5, 12], [6, 9], [6, 7], [7, 8], [7, 9], [7, 11], [7, 12], [8, 10], [8, 11], [8, 12], [10, 11], [11, 12]]
"adj_matrix_1":[0.0,0.04352,0.09531,0.18369,0.03563,0.25712,0.08543,0.178,0.01345,0.0753,0.2328,0.16427,0.20904,0.03134,0.18663,0.21269,0.12264,0.15201,0.05439,0.11886,0.17694,0.01656,0.04352,0.0,0.05275,0.1451,0.07858,0.22406,0.04258,0.21207,0.03016,0.03225,0.19766,0.1245,0.17206,0.01225,0.14821,0.17604,0.08096,0.11161,0.01099,0.07706,0.13791,0.05989,0.09531,0.05275,0.0,0.09517,0.12891,0.17931,0.01024,0.24906,0.08235,0.02064,0.15088,0.07363,0.12359,0.06482,0.09843,0.12783,0.0287,0.06024,0.04186,0.02471,0.08763,0.1111,0.18369,0.1451,0.09517,0.0,0.21297,0.08919,0.10496,0.30392,0.17213,0.11496,0.05853,0.02207,0.02961,0.15623,0.00337,0.03407,0.06712,0.03563,0.13497,0.07106,0.00776,0.19764,0.03563,0.07858,0.12891,0.21297,0.0,0.28102,0.11937,0.14788,0.04896,0.10956,0.25867,0.19471,0.23666,0.0666,0.21573,0.24006,0.15516,0.18311,0.0892,0.15154,0.20665,0.01912,0.25712,0.22406,0.17931,0.08919,0.28102,0.0,0.18828,0.34183,0.24736,0.19729,0.03114,0.1106,0.06005,0.2337,0.0859,0.05563,0.15337,0.12361,0.21514,0.15704,0.09676,0.26859,0.08543,0.04258,0.01024,0.10496,0.11937,0.18828,0.0,0.24227,0.07233,0.0104,0.16018,0.08363,0.13322,0.05468,0.10821,0.13734,0.0389,0.07032,0.03165,0.03491,0.09752,0.10129,0.178,0.21207,0.24906,0.30392,0.14788,0.34183,0.24227,0.0,0.18884,0.2352,0.33008,0.29278,0.31785,0.20276,0.30559,0.31974,0.26714,0.28546,0.22011,0.26468,0.30013,0.16423,0.01345,0.03016,0.08235,0.17213,0.04896,0.24736,0.07233,0.18884,0.0,0.06215,0.22236,0.15228,0.19798,0.01794,0.17512,0.20178,0.10999,0.1398,0.04109,0.10617,0.16522,0.02998,0.0753,0.03225,0.02064,0.11496,0.10956,0.19729,0.0104,0.2352,0.06215,0.0,0.16958,0.09373,0.14288,0.04442,0.11818,0.14704,0.04923,0.0805,0.02129,0.04526,0.10754,0.09136,0.2328,0.19766,0.15088,0.05853,0.25867,0.03114,0.16018,0.33008,0.22236,0.16958,0.0,0.08028,0.02906,0.20786,0.05519,0.02461,0.12407,0.09355,0.18827,0.12785,0.0662,0.24518,0.16427,0.1245,0.07363,0.02207,0.19471,0.1106,0.08363,0.29278,0.15228,0.09373,0.08028,0.0,0.05159,0.13587,0.02544,0.05601,0.04528,0.0136,0.11412,0.04924,0.01432,0.17865,0.20904,0.17206,0.12359,0.02961,0.23666,0.06005,0.13322,0.31785,0.19798,0.14288,0.02906,0.05159,0.0,0.18271,0.02625,0.00446,0.09612,0.06504,0.16226,0.09997,0.03736,0.22215,0.03134,0.01225,0.06482,0.15623,0.0666,0.2337,0.05468,0.20276,0.01794,0.04442,0.20786,0.13587,0.18271,0.0,0.15929,0.18667,0.09281,0.12314,0.02323,0.08896,0.14912,0.0478,0.18663,0.14821,0.09843,0.00337,0.21573,0.0859,0.10821,0.30559,0.17512,0.11818,0.05519,0.02544,0.02625,0.15929,0.0,0.03071,0.07044,0.039,0.13812,0.07437,0.01114,0.20049,0.21269,0.17604,0.12783,0.03407,0.24006,0.05563,0.13734,0.31974,0.20178,0.14704,0.02461,0.05601,0.00446,0.18667,0.03071,0.0,0.10043,0.06943,0.16633,0.10429,0.0418,0.22578,0.12264,0.08096,0.0287,0.06712,0.15516,0.15337,0.0389,0.26714,0.10999,0.04923,0.12407,0.04528,0.09612,0.09281,0.07044,0.10043,0.0,0.03175,0.07022,0.004,0.05947,0.13793,0.15201,0.11161,0.06024,0.03563,0.18311,0.12361,0.07032,0.28546,0.1398,0.0805,0.09355,0.0136,0.06504,0.12314,0.039,0.06943,0.03175,0.0,0.10111,0.03573,0.0279,0.16668,0.05439,0.01099,0.04186,0.13497,0.0892,0.21514,0.03165,0.22011,0.04109,0.02129,0.18827,0.11412,0.16226,0.02323,0.13812,0.16633,0.07022,0.10111,0.0,0.0663,0.12769,0.07067,0.11886,0.07706,0.02471,0.07106,0.15154,0.15704,0.03491,0.26468,0.10617,0.04526,0.12785,0.04924,0.09997,0.08896,0.07437,0.10429,0.004,0.03573,0.0663,0.0,0.06341,0.13425,0.17694,0.13791,0.08763,0.00776,0.20665,0.09676,0.09752,0.30013,0.16522,0.10754,0.0662,0.01432,0.03736,0.14912,0.01114,0.0418,0.05947,0.0279,0.12769,0.06341,0.0,0.19103,0.01656,0.05989,0.1111,0.19764,0.01912,0.26859,0.10129,0.16423,0.02998,0.09136,0.24518,0.17865,0.22215,0.0478,0.20049,0.22578,0.13793,0.16668,0.07067,0.13425,0.19103,0.0]
